<?xml version="1.0" encoding="UTF-8"?><?xml-stylesheet type='text/xsl' href='_UpgradeReport_Files/UpgradeReport.xslt'?><UpgradeLog>
<Properties><Property Name="Solution" Value="EcmaScript.NET">
</Property><Property Name="Solution File" Value="C:\Temp\EcmaScript.NET_-_0.1.0_-_src\EcmaScript.NET\EcmaScript.NET.sln">
</Property><Property Name="Date" Value="Wednesday, 30 July 2008">
</Property><Property Name="Time" Value="16:22:48 PM">
</Property></Properties><Event ErrorLevel="0" Project="EcmaScript.NET" Source="EcmaScript.NET.csproj" Description="Project file successfully backed up as C:\Temp\EcmaScript.NET_-_0.1.0_-_src\EcmaScript.NET\Backup\EcmaScript.NET.csproj">
</Event><Event ErrorLevel="0" Project="EcmaScript.NET" Source="EcmaScript.NET.csproj.user" Description="Project user file successfully backed up as C:\Temp\EcmaScript.NET_-_0.1.0_-_src\EcmaScript.NET\Backup\EcmaScript.NET.csproj.user">
</Event><Event ErrorLevel="0" Project="EcmaScript.NET" Source="Arguments.cs" Description="File successfully backed up as C:\Temp\EcmaScript.NET_-_0.1.0_-_src\EcmaScript.NET\Backup\Arguments.cs">
</Event><Event ErrorLevel="0" Project="EcmaScript.NET" Source="Attributes\EcmaScriptPropertyAccess.cs" Description="File successfully backed up as C:\Temp\EcmaScript.NET_-_0.1.0_-_src\EcmaScript.NET\Backup\Attributes\EcmaScriptPropertyAccess.cs">
</Event><Event ErrorLevel="0" Project="EcmaScript.NET" Source="ContextEvents.cs" Description="File successfully backed up as C:\Temp\EcmaScript.NET_-_0.1.0_-_src\EcmaScript.NET\Backup\ContextEvents.cs">
</Event><Event ErrorLevel="0" Project="EcmaScript.NET" Source="DefaultErrorReporter.cs" Description="File successfully backed up as C:\Temp\EcmaScript.NET_-_0.1.0_-_src\EcmaScript.NET\Backup\DefaultErrorReporter.cs">
</Event><Event ErrorLevel="0" Project="EcmaScript.NET" Source="Helpers\CliHelper.cs" Description="File successfully backed up as C:\Temp\EcmaScript.NET_-_0.1.0_-_src\EcmaScript.NET\Backup\Helpers\CliHelper.cs">
</Event><Event ErrorLevel="0" Project="EcmaScript.NET" Source="ErrorReporter.cs" Description="File successfully backed up as C:\Temp\EcmaScript.NET_-_0.1.0_-_src\EcmaScript.NET\Backup\ErrorReporter.cs">
</Event><Event ErrorLevel="0" Project="EcmaScript.NET" Source="Helpers\StackOverflowVerifier.cs" Description="File successfully backed up as C:\Temp\EcmaScript.NET_-_0.1.0_-_src\EcmaScript.NET\Backup\Helpers\StackOverflowVerifier.cs">
</Event><Event ErrorLevel="0" Project="EcmaScript.NET" Source="Helpers\StackOverflowVerifierException.cs" Description="File successfully backed up as C:\Temp\EcmaScript.NET_-_0.1.0_-_src\EcmaScript.NET\Backup\Helpers\StackOverflowVerifierException.cs">
</Event><Event ErrorLevel="0" Project="EcmaScript.NET" Source="IIdEnumerable.cs" Description="File successfully backed up as C:\Temp\EcmaScript.NET_-_0.1.0_-_src\EcmaScript.NET\Backup\IIdEnumerable.cs">
</Event><Event ErrorLevel="0" Project="EcmaScript.NET" Source="IdEnumeration.cs" Description="File successfully backed up as C:\Temp\EcmaScript.NET_-_0.1.0_-_src\EcmaScript.NET\Backup\IdEnumeration.cs">
</Event><Event ErrorLevel="0" Project="EcmaScript.NET" Source="NodeFactory.cs" Description="File successfully backed up as C:\Temp\EcmaScript.NET_-_0.1.0_-_src\EcmaScript.NET\Backup\NodeFactory.cs">
</Event><Event ErrorLevel="0" Project="EcmaScript.NET" Source="AssemblyInfo.cs" Description="File successfully backed up as C:\Temp\EcmaScript.NET_-_0.1.0_-_src\EcmaScript.NET\Backup\AssemblyInfo.cs">
</Event><Event ErrorLevel="0" Project="EcmaScript.NET" Source="Attributes\EcmaScriptClassAttribute.cs" Description="File successfully backed up as C:\Temp\EcmaScript.NET_-_0.1.0_-_src\EcmaScript.NET\Backup\Attributes\EcmaScriptClassAttribute.cs">
</Event><Event ErrorLevel="0" Project="EcmaScript.NET" Source="Attributes\EcmaScriptFunctionAttribute.cs" Description="File successfully backed up as C:\Temp\EcmaScript.NET_-_0.1.0_-_src\EcmaScript.NET\Backup\Attributes\EcmaScriptFunctionAttribute.cs">
</Event><Event ErrorLevel="0" Project="EcmaScript.NET" Source="Attributes\EcmaScriptPropertyAttribute.cs" Description="File successfully backed up as C:\Temp\EcmaScript.NET_-_0.1.0_-_src\EcmaScript.NET\Backup\Attributes\EcmaScriptPropertyAttribute.cs">
</Event><Event ErrorLevel="0" Project="EcmaScript.NET" Source="BaseFunction.cs" Description="File successfully backed up as C:\Temp\EcmaScript.NET_-_0.1.0_-_src\EcmaScript.NET\Backup\BaseFunction.cs">
</Event><Event ErrorLevel="0" Project="EcmaScript.NET" Source="ICallable.cs" Description="File successfully backed up as C:\Temp\EcmaScript.NET_-_0.1.0_-_src\EcmaScript.NET\Backup\ICallable.cs">
</Event><Event ErrorLevel="0" Project="EcmaScript.NET" Source="CompilerEnvirons.cs" Description="File successfully backed up as C:\Temp\EcmaScript.NET_-_0.1.0_-_src\EcmaScript.NET\Backup\CompilerEnvirons.cs">
</Event><Event ErrorLevel="0" Project="EcmaScript.NET" Source="Context.cs" Description="File successfully backed up as C:\Temp\EcmaScript.NET_-_0.1.0_-_src\EcmaScript.NET\Backup\Context.cs">
</Event><Event ErrorLevel="0" Project="EcmaScript.NET" Source="ContextFactory.cs" Description="File successfully backed up as C:\Temp\EcmaScript.NET_-_0.1.0_-_src\EcmaScript.NET\Backup\ContextFactory.cs">
</Event><Event ErrorLevel="0" Project="EcmaScript.NET" Source="Continuation.cs" Description="File successfully backed up as C:\Temp\EcmaScript.NET_-_0.1.0_-_src\EcmaScript.NET\Backup\Continuation.cs">
</Event><Event ErrorLevel="0" Project="EcmaScript.NET" Source="Debugging\DebugFrame.cs" Description="File successfully backed up as C:\Temp\EcmaScript.NET_-_0.1.0_-_src\EcmaScript.NET\Backup\Debugging\DebugFrame.cs">
</Event><Event ErrorLevel="0" Project="EcmaScript.NET" Source="Debugging\DebuggableObject.cs" Description="File successfully backed up as C:\Temp\EcmaScript.NET_-_0.1.0_-_src\EcmaScript.NET\Backup\Debugging\DebuggableObject.cs">
</Event><Event ErrorLevel="0" Project="EcmaScript.NET" Source="Debugging\DebuggableScript.cs" Description="File successfully backed up as C:\Temp\EcmaScript.NET_-_0.1.0_-_src\EcmaScript.NET\Backup\Debugging\DebuggableScript.cs">
</Event><Event ErrorLevel="0" Project="EcmaScript.NET" Source="Debugging\Debugger.cs" Description="File successfully backed up as C:\Temp\EcmaScript.NET_-_0.1.0_-_src\EcmaScript.NET\Backup\Debugging\Debugger.cs">
</Event><Event ErrorLevel="0" Project="EcmaScript.NET" Source="Decompiler.cs" Description="File successfully backed up as C:\Temp\EcmaScript.NET_-_0.1.0_-_src\EcmaScript.NET\Backup\Decompiler.cs">
</Event><Event ErrorLevel="0" Project="EcmaScript.NET" Source="Delegator.cs" Description="File successfully backed up as C:\Temp\EcmaScript.NET_-_0.1.0_-_src\EcmaScript.NET\Backup\Delegator.cs">
</Event><Event ErrorLevel="0" Project="EcmaScript.NET" Source="EcmaScriptError.cs" Description="File successfully backed up as C:\Temp\EcmaScript.NET_-_0.1.0_-_src\EcmaScript.NET\Backup\EcmaScriptError.cs">
</Event><Event ErrorLevel="0" Project="EcmaScript.NET" Source="EcmaScriptRuntimeException.cs" Description="File successfully backed up as C:\Temp\EcmaScript.NET_-_0.1.0_-_src\EcmaScript.NET\Backup\EcmaScriptRuntimeException.cs">
</Event><Event ErrorLevel="0" Project="EcmaScript.NET" Source="IFunction.cs" Description="File successfully backed up as C:\Temp\EcmaScript.NET_-_0.1.0_-_src\EcmaScript.NET\Backup\IFunction.cs">
</Event><Event ErrorLevel="0" Project="EcmaScript.NET" Source="FunctionNode.cs" Description="File successfully backed up as C:\Temp\EcmaScript.NET_-_0.1.0_-_src\EcmaScript.NET\Backup\FunctionNode.cs">
</Event><Event ErrorLevel="0" Project="EcmaScript.NET" Source="IIdFunctionCall.cs" Description="File successfully backed up as C:\Temp\EcmaScript.NET_-_0.1.0_-_src\EcmaScript.NET\Backup\IIdFunctionCall.cs">
</Event><Event ErrorLevel="0" Project="EcmaScript.NET" Source="IdFunctionObject.cs" Description="File successfully backed up as C:\Temp\EcmaScript.NET_-_0.1.0_-_src\EcmaScript.NET\Backup\IdFunctionObject.cs">
</Event><Event ErrorLevel="0" Project="EcmaScript.NET" Source="IdScriptableObject.cs" Description="File successfully backed up as C:\Temp\EcmaScript.NET_-_0.1.0_-_src\EcmaScript.NET\Backup\IdScriptableObject.cs">
</Event><Event ErrorLevel="0" Project="EcmaScript.NET" Source="InterpretedFunction.cs" Description="File successfully backed up as C:\Temp\EcmaScript.NET_-_0.1.0_-_src\EcmaScript.NET\Backup\InterpretedFunction.cs">
</Event><Event ErrorLevel="0" Project="EcmaScript.NET" Source="Interpreter.cs" Description="File successfully backed up as C:\Temp\EcmaScript.NET_-_0.1.0_-_src\EcmaScript.NET\Backup\Interpreter.cs">
</Event><Event ErrorLevel="0" Project="EcmaScript.NET" Source="InterpreterData.cs" Description="File successfully backed up as C:\Temp\EcmaScript.NET_-_0.1.0_-_src\EcmaScript.NET\Backup\InterpreterData.cs">
</Event><Event ErrorLevel="0" Project="EcmaScript.NET" Source="EcmaScriptThrow.cs" Description="File successfully backed up as C:\Temp\EcmaScript.NET_-_0.1.0_-_src\EcmaScript.NET\Backup\EcmaScriptThrow.cs">
</Event><Event ErrorLevel="0" Project="EcmaScript.NET" Source="ScriptConvert.cs" Description="File successfully backed up as C:\Temp\EcmaScript.NET_-_0.1.0_-_src\EcmaScript.NET\Backup\ScriptConvert.cs">
</Event><Event ErrorLevel="0" Project="EcmaScript.NET" Source="Types\Cli\CliArray.cs" Description="File successfully backed up as C:\Temp\EcmaScript.NET_-_0.1.0_-_src\EcmaScript.NET\Backup\Types\Cli\CliArray.cs">
</Event><Event ErrorLevel="0" Project="EcmaScript.NET" Source="Types\Cli\CliEnum.cs" Description="File successfully backed up as C:\Temp\EcmaScript.NET_-_0.1.0_-_src\EcmaScript.NET\Backup\Types\Cli\CliEnum.cs">
</Event><Event ErrorLevel="0" Project="EcmaScript.NET" Source="Types\Cli\CliEventInfo.cs" Description="File successfully backed up as C:\Temp\EcmaScript.NET_-_0.1.0_-_src\EcmaScript.NET\Backup\Types\Cli\CliEventInfo.cs">
</Event><Event ErrorLevel="0" Project="EcmaScript.NET" Source="Types\Cli\CliMethodInfo.cs" Description="File successfully backed up as C:\Temp\EcmaScript.NET_-_0.1.0_-_src\EcmaScript.NET\Backup\Types\Cli\CliMethodInfo.cs">
</Event><Event ErrorLevel="0" Project="EcmaScript.NET" Source="Types\Cli\CliPackage.cs" Description="File successfully backed up as C:\Temp\EcmaScript.NET_-_0.1.0_-_src\EcmaScript.NET\Backup\Types\Cli\CliPackage.cs">
</Event><Event ErrorLevel="0" Project="EcmaScript.NET" Source="Types\E4X\Namespace.cs" Description="File successfully backed up as C:\Temp\EcmaScript.NET_-_0.1.0_-_src\EcmaScript.NET\Backup\Types\E4X\Namespace.cs">
</Event><Event ErrorLevel="0" Project="EcmaScript.NET" Source="Types\E4X\QName.cs" Description="File successfully backed up as C:\Temp\EcmaScript.NET_-_0.1.0_-_src\EcmaScript.NET\Backup\Types\E4X\QName.cs">
</Event><Event ErrorLevel="0" Project="EcmaScript.NET" Source="Types\E4X\XML.cs" Description="File successfully backed up as C:\Temp\EcmaScript.NET_-_0.1.0_-_src\EcmaScript.NET\Backup\Types\E4X\XML.cs">
</Event><Event ErrorLevel="0" Project="EcmaScript.NET" Source="Types\E4X\XMLCtor.cs" Description="File successfully backed up as C:\Temp\EcmaScript.NET_-_0.1.0_-_src\EcmaScript.NET\Backup\Types\E4X\XMLCtor.cs">
</Event><Event ErrorLevel="0" Project="EcmaScript.NET" Source="Types\E4X\XMLLibImpl.cs" Description="File successfully backed up as C:\Temp\EcmaScript.NET_-_0.1.0_-_src\EcmaScript.NET\Backup\Types\E4X\XMLLibImpl.cs">
</Event><Event ErrorLevel="0" Project="EcmaScript.NET" Source="Types\E4X\XMLList.cs" Description="File successfully backed up as C:\Temp\EcmaScript.NET_-_0.1.0_-_src\EcmaScript.NET\Backup\Types\E4X\XMLList.cs">
</Event><Event ErrorLevel="0" Project="EcmaScript.NET" Source="Types\E4X\XMLName.cs" Description="File successfully backed up as C:\Temp\EcmaScript.NET_-_0.1.0_-_src\EcmaScript.NET\Backup\Types\E4X\XMLName.cs">
</Event><Event ErrorLevel="0" Project="EcmaScript.NET" Source="Types\E4X\XMLObjectImpl.cs" Description="File successfully backed up as C:\Temp\EcmaScript.NET_-_0.1.0_-_src\EcmaScript.NET\Backup\Types\E4X\XMLObjectImpl.cs">
</Event><Event ErrorLevel="0" Project="EcmaScript.NET" Source="Types\BuiltinArray.cs" Description="File successfully backed up as C:\Temp\EcmaScript.NET_-_0.1.0_-_src\EcmaScript.NET\Backup\Types\BuiltinArray.cs">
</Event><Event ErrorLevel="0" Project="EcmaScript.NET" Source="Types\BuiltinBoolean.cs" Description="File successfully backed up as C:\Temp\EcmaScript.NET_-_0.1.0_-_src\EcmaScript.NET\Backup\Types\BuiltinBoolean.cs">
</Event><Event ErrorLevel="0" Project="EcmaScript.NET" Source="Types\BuiltinCall.cs" Description="File successfully backed up as C:\Temp\EcmaScript.NET_-_0.1.0_-_src\EcmaScript.NET\Backup\Types\BuiltinCall.cs">
</Event><Event ErrorLevel="0" Project="EcmaScript.NET" Source="Types\BuiltinDate.cs" Description="File successfully backed up as C:\Temp\EcmaScript.NET_-_0.1.0_-_src\EcmaScript.NET\Backup\Types\BuiltinDate.cs">
</Event><Event ErrorLevel="0" Project="EcmaScript.NET" Source="Types\BuiltinError.cs" Description="File successfully backed up as C:\Temp\EcmaScript.NET_-_0.1.0_-_src\EcmaScript.NET\Backup\Types\BuiltinError.cs">
</Event><Event ErrorLevel="0" Project="EcmaScript.NET" Source="Types\BuiltinFunction.cs" Description="File successfully backed up as C:\Temp\EcmaScript.NET_-_0.1.0_-_src\EcmaScript.NET\Backup\Types\BuiltinFunction.cs">
</Event><Event ErrorLevel="0" Project="EcmaScript.NET" Source="Types\BuiltinGlobal.cs" Description="File successfully backed up as C:\Temp\EcmaScript.NET_-_0.1.0_-_src\EcmaScript.NET\Backup\Types\BuiltinGlobal.cs">
</Event><Event ErrorLevel="0" Project="EcmaScript.NET" Source="Types\Cli\CliType.cs" Description="File successfully backed up as C:\Temp\EcmaScript.NET_-_0.1.0_-_src\EcmaScript.NET\Backup\Types\Cli\CliType.cs">
</Event><Event ErrorLevel="0" Project="EcmaScript.NET" Source="Types\Cli\CliObject.cs" Description="File successfully backed up as C:\Temp\EcmaScript.NET_-_0.1.0_-_src\EcmaScript.NET\Backup\Types\Cli\CliObject.cs">
</Event><Event ErrorLevel="0" Project="EcmaScript.NET" Source="Types\BuiltinGlobalObject.cs" Description="File successfully backed up as C:\Temp\EcmaScript.NET_-_0.1.0_-_src\EcmaScript.NET\Backup\Types\BuiltinGlobalObject.cs">
</Event><Event ErrorLevel="0" Project="EcmaScript.NET" Source="Types\BuiltinMath.cs" Description="File successfully backed up as C:\Temp\EcmaScript.NET_-_0.1.0_-_src\EcmaScript.NET\Backup\Types\BuiltinMath.cs">
</Event><Event ErrorLevel="0" Project="EcmaScript.NET" Source="Types\BuiltinNumber.cs" Description="File successfully backed up as C:\Temp\EcmaScript.NET_-_0.1.0_-_src\EcmaScript.NET\Backup\Types\BuiltinNumber.cs">
</Event><Event ErrorLevel="0" Project="EcmaScript.NET" Source="Types\BuiltinObject.cs" Description="File successfully backed up as C:\Temp\EcmaScript.NET_-_0.1.0_-_src\EcmaScript.NET\Backup\Types\BuiltinObject.cs">
</Event><Event ErrorLevel="0" Project="EcmaScript.NET" Source="Types\BuiltinScript.cs" Description="File successfully backed up as C:\Temp\EcmaScript.NET_-_0.1.0_-_src\EcmaScript.NET\Backup\Types\BuiltinScript.cs">
</Event><Event ErrorLevel="0" Project="EcmaScript.NET" Source="Types\BuiltinString.cs" Description="File successfully backed up as C:\Temp\EcmaScript.NET_-_0.1.0_-_src\EcmaScript.NET\Backup\Types\BuiltinString.cs">
</Event><Event ErrorLevel="0" Project="EcmaScript.NET" Source="Types\BuiltinWith.cs" Description="File successfully backed up as C:\Temp\EcmaScript.NET_-_0.1.0_-_src\EcmaScript.NET\Backup\Types\BuiltinWith.cs">
</Event><Event ErrorLevel="0" Project="EcmaScript.NET" Source="Node.cs" Description="File successfully backed up as C:\Temp\EcmaScript.NET_-_0.1.0_-_src\EcmaScript.NET\Backup\Node.cs">
</Event><Event ErrorLevel="0" Project="EcmaScript.NET" Source="NodeTransformer.cs" Description="File successfully backed up as C:\Temp\EcmaScript.NET_-_0.1.0_-_src\EcmaScript.NET\Backup\NodeTransformer.cs">
</Event><Event ErrorLevel="0" Project="EcmaScript.NET" Source="Collections\ObjArray.cs" Description="File successfully backed up as C:\Temp\EcmaScript.NET_-_0.1.0_-_src\EcmaScript.NET\Backup\Collections\ObjArray.cs">
</Event><Event ErrorLevel="0" Project="EcmaScript.NET" Source="Collections\ObjToIntMap.cs" Description="File successfully backed up as C:\Temp\EcmaScript.NET_-_0.1.0_-_src\EcmaScript.NET\Backup\Collections\ObjToIntMap.cs">
</Event><Event ErrorLevel="0" Project="EcmaScript.NET" Source="Parser.cs" Description="File successfully backed up as C:\Temp\EcmaScript.NET_-_0.1.0_-_src\EcmaScript.NET\Backup\Parser.cs">
</Event><Event ErrorLevel="0" Project="EcmaScript.NET" Source="IRef.cs" Description="File successfully backed up as C:\Temp\EcmaScript.NET_-_0.1.0_-_src\EcmaScript.NET\Backup\IRef.cs">
</Event><Event ErrorLevel="0" Project="EcmaScript.NET" Source="IRefCallable.cs" Description="File successfully backed up as C:\Temp\EcmaScript.NET_-_0.1.0_-_src\EcmaScript.NET\Backup\IRefCallable.cs">
</Event><Event ErrorLevel="0" Project="EcmaScript.NET" Source="RegExpProxy.cs" Description="File successfully backed up as C:\Temp\EcmaScript.NET_-_0.1.0_-_src\EcmaScript.NET\Backup\RegExpProxy.cs">
</Event><Event ErrorLevel="0" Project="EcmaScript.NET" Source="EcmaScriptException.cs" Description="File successfully backed up as C:\Temp\EcmaScript.NET_-_0.1.0_-_src\EcmaScript.NET\Backup\EcmaScriptException.cs">
</Event><Event ErrorLevel="0" Project="EcmaScript.NET" Source="IScript.cs" Description="File successfully backed up as C:\Temp\EcmaScript.NET_-_0.1.0_-_src\EcmaScript.NET\Backup\IScript.cs">
</Event><Event ErrorLevel="0" Project="EcmaScript.NET" Source="IScriptable.cs" Description="File successfully backed up as C:\Temp\EcmaScript.NET_-_0.1.0_-_src\EcmaScript.NET\Backup\IScriptable.cs">
</Event><Event ErrorLevel="0" Project="EcmaScript.NET" Source="ScriptableObject.cs" Description="File successfully backed up as C:\Temp\EcmaScript.NET_-_0.1.0_-_src\EcmaScript.NET\Backup\ScriptableObject.cs">
</Event><Event ErrorLevel="0" Project="EcmaScript.NET" Source="ScriptOrFnNode.cs" Description="File successfully backed up as C:\Temp\EcmaScript.NET_-_0.1.0_-_src\EcmaScript.NET\Backup\ScriptOrFnNode.cs">
</Event><Event ErrorLevel="0" Project="EcmaScript.NET" Source="ScriptRuntime.cs" Description="File successfully backed up as C:\Temp\EcmaScript.NET_-_0.1.0_-_src\EcmaScript.NET\Backup\ScriptRuntime.cs">
</Event><Event ErrorLevel="0" Project="EcmaScript.NET" Source="SecurityController.cs" Description="File successfully backed up as C:\Temp\EcmaScript.NET_-_0.1.0_-_src\EcmaScript.NET\Backup\SecurityController.cs">
</Event><Event ErrorLevel="0" Project="EcmaScript.NET" Source="SpecialRef.cs" Description="File successfully backed up as C:\Temp\EcmaScript.NET_-_0.1.0_-_src\EcmaScript.NET\Backup\SpecialRef.cs">
</Event><Event ErrorLevel="0" Project="EcmaScript.NET" Source="Token.cs" Description="File successfully backed up as C:\Temp\EcmaScript.NET_-_0.1.0_-_src\EcmaScript.NET\Backup\Token.cs">
</Event><Event ErrorLevel="0" Project="EcmaScript.NET" Source="TokenStream.cs" Description="File successfully backed up as C:\Temp\EcmaScript.NET_-_0.1.0_-_src\EcmaScript.NET\Backup\TokenStream.cs">
</Event><Event ErrorLevel="0" Project="EcmaScript.NET" Source="Collections\UintMap.cs" Description="File successfully backed up as C:\Temp\EcmaScript.NET_-_0.1.0_-_src\EcmaScript.NET\Backup\Collections\UintMap.cs">
</Event><Event ErrorLevel="0" Project="EcmaScript.NET" Source="Types\RegExp\BuiltinRegExp.cs" Description="File successfully backed up as C:\Temp\EcmaScript.NET_-_0.1.0_-_src\EcmaScript.NET\Backup\Types\RegExp\BuiltinRegExp.cs">
</Event><Event ErrorLevel="0" Project="EcmaScript.NET" Source="Types\RegExp\BuiltinRegExpCtor.cs" Description="File successfully backed up as C:\Temp\EcmaScript.NET_-_0.1.0_-_src\EcmaScript.NET\Backup\Types\RegExp\BuiltinRegExpCtor.cs">
</Event><Event ErrorLevel="0" Project="EcmaScript.NET" Source="Types\RegExp\RegExpImpl.cs" Description="File successfully backed up as C:\Temp\EcmaScript.NET_-_0.1.0_-_src\EcmaScript.NET\Backup\Types\RegExp\RegExpImpl.cs">
</Event><Event ErrorLevel="0" Project="EcmaScript.NET" Source="Types\RegExp\SubString.cs" Description="File successfully backed up as C:\Temp\EcmaScript.NET_-_0.1.0_-_src\EcmaScript.NET\Backup\Types\RegExp\SubString.cs">
</Event><Event ErrorLevel="0" Project="EcmaScript.NET" Source="Undefined.cs" Description="File successfully backed up as C:\Temp\EcmaScript.NET_-_0.1.0_-_src\EcmaScript.NET\Backup\Undefined.cs">
</Event><Event ErrorLevel="0" Project="EcmaScript.NET" Source="UniqueTag.cs" Description="File successfully backed up as C:\Temp\EcmaScript.NET_-_0.1.0_-_src\EcmaScript.NET\Backup\UniqueTag.cs">
</Event><Event ErrorLevel="0" Project="EcmaScript.NET" Source="Wrapper.cs" Description="File successfully backed up as C:\Temp\EcmaScript.NET_-_0.1.0_-_src\EcmaScript.NET\Backup\Wrapper.cs">
</Event><Event ErrorLevel="0" Project="EcmaScript.NET" Source="Resources\ChangeLog" Description="File successfully backed up as C:\Temp\EcmaScript.NET_-_0.1.0_-_src\EcmaScript.NET\Backup\Resources\ChangeLog">
</Event><Event ErrorLevel="0" Project="EcmaScript.NET" Source="Resources\LICENSE" Description="File successfully backed up as C:\Temp\EcmaScript.NET_-_0.1.0_-_src\EcmaScript.NET\Backup\Resources\LICENSE">
</Event><Event ErrorLevel="0" Project="EcmaScript.NET" Source="EcmaScript.NET.snk" Description="File successfully backed up as C:\Temp\EcmaScript.NET_-_0.1.0_-_src\EcmaScript.NET\Backup\EcmaScript.NET.snk">
</Event><Event ErrorLevel="0" Project="EcmaScript.NET" Source="Resources\TODO" Description="File successfully backed up as C:\Temp\EcmaScript.NET_-_0.1.0_-_src\EcmaScript.NET\Backup\Resources\TODO">
</Event><Event ErrorLevel="0" Project="EcmaScript.NET" Source="Resources\Messages.resx" Description="File successfully backed up as C:\Temp\EcmaScript.NET_-_0.1.0_-_src\EcmaScript.NET\Backup\Resources\Messages.resx">
</Event><Event ErrorLevel="0" Project="EcmaScript.NET" Source="EcmaScript.NET.csproj" Description="Project converted successfully">
</Event><Event ErrorLevel="3" Project="EcmaScript.NET" Source="EcmaScript.NET.csproj" Description="Converted">
</Event><Event ErrorLevel="0" Project="EcmaScript.NET" Source="EcmaScript.NET.csproj" Description="Scan complete: Upgrade not required for project files.">
</Event></UpgradeLog>