﻿<?xml version="1.0" encoding="utf-8"?>
<Project xmlns="http://schemas.microsoft.com/developer/MsBuild/2003">
    <UsingTask
        TaskName="CompressorTask"
        AssemblyFile="Yahoo.Yui.Compressor.MSBuildTask.dll" />

    <PropertyGroup>
        <CssOutputFile Condition=" '$(CssOutputFile)'=='' ">..\Content\SylesSheetFinal.css</CssOutputFile>
        <JavaScriptOutputFile Condition=" '$(JavaScriptOutputFile)'=='' ">..\Scripts\JavaScriptFinal.css</JavaScriptOutputFile>
    </PropertyGroup>
    
    <Target Name="MyTaskTarget">
        <ItemGroup>
            <JavaScriptFiles Include="..\Scripts\jquery-1.3.2.js"/>
            <JavaScriptFiles Include="..\Scripts\MicrosoftAjax.js."/>
            <JavaScriptFiles Include="..\Scripts\MicrosoftMvcAjax.js"/>

            <CssFiles Include="..\Content\Site.css" />

        </ItemGroup>
        <CompressorTask
            CssFiles="@(CssFiles)"
            DeleteCssFiles="false"
            CssOutputFile="$(CssOutputFile)"
            CssCompressionType="YuiStockCompression"
            JavaScriptFiles="@(JavaScriptFiles)"
            ObfuscateJavaScript="True"
            PreserveAllSemicolons="False"
            DisableOptimizations="Nope"
            EncodingType="Default"
            DeleteJavaScriptFiles="false"
            LineBreakPosition="-1"
            JavaScriptOutputFile="$(JavaScriptOutputFile)"
            LoggingType="ALittleBit"
            ThreadCulture="en-au"
            IsEvalIgnored="false"
            />
    </Target>
</Project>